label,call_count
Function 'compute_fibonacci',1
Function 'compute_fibonacci',1
Function 'compute_fibonacci',1
Function 'compute_fibonacci',1
Function 'compute_fibonacci',1
Function 'compute_fibonacci',1
Function 'compute_fibonacci',1
Function 'compute_fibonacci',1
Function 'compute_fibonacci',1
Function 'compute_fibonacci',1
Function 'compute_fibonacci',1
Function 'compute_fibonacci',1
Function 'compute_fibonacci',1
Function 'compute_fibonacci',1
Function 'compute_fibonacci',1
Function 'compute_fibonacci',1
Function 'compute_fibonacci',1
Function 'compute_fibonacci',1
Function 'compute_fibonacci',1
Function 'compute_fibonacci',1
Function 'compute_fibonacci',1
Function 'compute_fibonacci',1
Function 'compute_fibonacci',1
Function 'compute_fibonacci',1
Function 'compute_fibonacci',1
Function 'compute_fibonacci',1
Function 'compute_fibonacci',1
Function 'compute_fibonacci',1
Function 'compute_fibonacci',1
Function 'compute_fibonacci',1
Function 'compute_fibonacci',1
Function 'compute_fibonacci',1
Function 'compute_fibonacci',1
Function 'compute_fibonacci',1
Function 'compute_fibonacci',1
Function 'compute_fibonacci',1
Function 'compute_fibonacci',1
Function 'compute_fibonacci',1
Function 'compute_fibonacci',1
Function 'compute_fibonacci',1
Function 'compute_fibonacci',1
Function 'compute_fibonacci',1
Function 'compute_fibonacci',1
Function 'compute_fibonacci',1
Function 'compute_fibonacci',1
Function 'compute_fibonacci',1
Function 'compute_fibonacci',1
Function 'compute_fibonacci',1
Function 'compute_fibonacci',1
Function 'compute_fibonacci',1
Function 'compute_fibonacci',1
Function 'compute_fibonacci',1
Function 'compute_fibonacci',1
Function 'compute_fibonacci',1
Function 'compute_fibonacci',1
Function 'compute_fibonacci',1
Function 'compute_fibonacci',1
Function 'compute_fibonacci',1
Function 'compute_fibonacci',1
Function 'compute_fibonacci',1
Function 'compute_fibonacci',1
Function 'compute_fibonacci',1
Function 'compute_fibonacci',1
Function 'compute_fibonacci',1
Function 'compute_fibonacci',1
Function 'compute_fibonacci',1
Function 'compute_fibonacci',1
Function 'compute_fibonacci',1
Function 'compute_fibonacci',1
Function 'compute_fibonacci',1
Function 'compute_fibonacci',1
Function 'compute_fibonacci',1
Function 'compute_fibonacci',1
Function 'compute_fibonacci',1
Function 'compute_fibonacci',1
Function 'compute_fibonacci',1
Function 'compute_fibonacci',1
Function 'compute_fibonacci',1
Function 'compute_fibonacci',1
Function 'compute_fibonacci',1
Function 'compute_fibonacci',1
Function 'compute_fibonacci',1
Function 'compute_fibonacci',1
Function 'compute_fibonacci',1
Function 'compute_fibonacci',1
Function 'compute_fibonacci',1
Function 'compute_fibonacci',1
Function 'compute_fibonacci',1
Function 'compute_fibonacci',1
Function 'compute_fibonacci',1
Function 'compute_fibonacci',1
Function 'compute_fibonacci',1
Function 'compute_fibonacci',1
Function 'compute_fibonacci',1
Function 'compute_fibonacci',1
Function 'compute_fibonacci',1
Function 'compute_fibonacci',1
Function 'compute_fibonacci',1
Function 'compute_fibonacci',1
Function 'compute_fibonacci',1
Function 'compute_fibonacci',1
Function 'compute_fibonacci',1
Function 'compute_fibonacci',1
Function 'compute_fibonacci',1
Function 'compute_fibonacci',1
Function 'compute_fibonacci',1
Function 'compute_fibonacci',1
Function 'compute_fibonacci',1
Function 'compute_fibonacci',1
Function 'compute_fibonacci',1
Function 'compute_fibonacci',1
Function 'compute_fibonacci',1
Function 'compute_fibonacci',1
Function 'compute_fibonacci',1
Function 'compute_fibonacci',1
Function 'compute_fibonacci',1
Function 'compute_fibonacci',1
Function 'compute_fibonacci',1
Function 'compute_fibonacci',1
Function 'compute_fibonacci',1
Function 'compute_fibonacci',1
Function 'compute_fibonacci',1
Function 'compute_fibonacci',1
Function 'compute_fibonacci',1
Function 'compute_fibonacci',1
Function 'compute_fibonacci',1
Function 'compute_fibonacci',1
Function 'compute_fibonacci',1
Function 'compute_fibonacci',1
Function 'compute_fibonacci',1
Function 'compute_fibonacci',1
Function 'compute_fibonacci',1
Function 'compute_fibonacci',1
Function 'compute_fibonacci',1
Function 'compute_fibonacci',1
Function 'compute_fibonacci',1
Function 'compute_fibonacci',1
Function 'compute_fibonacci',1
Function 'compute_fibonacci',1
Function 'compute_fibonacci',1
Function 'compute_fibonacci',1
Function 'compute_fibonacci',1
Function 'compute_fibonacci',1
Function 'compute_fibonacci',1
Function 'compute_fibonacci',1
Function 'compute_fibonacci',1
Function 'compute_fibonacci',1
Function 'compute_fibonacci',1
Function 'compute_fibonacci',1
Function 'compute_fibonacci',1
Function 'compute_fibonacci',1
Function 'compute_fibonacci',1
Function 'compute_fibonacci',1
Function 'compute_fibonacci',1
Function 'compute_fibonacci',1
Function 'compute_fibonacci',1
Function 'compute_fibonacci',1
Function 'compute_fibonacci',1
Function 'compute_fibonacci',1
Function 'compute_fibonacci',1
Function 'compute_fibonacci',1
Function 'compute_fibonacci',1
Function 'compute_fibonacci',1
Function 'compute_fibonacci',1
Function 'compute_fibonacci',1
Function 'compute_fibonacci',1
Function 'compute_fibonacci',1
Function 'compute_fibonacci',1
Function 'compute_fibonacci',1
Function 'compute_fibonacci',1
Function 'compute_fibonacci',1
Function 'compute_fibonacci',1
Function 'compute_fibonacci',1
Function 'compute_fibonacci',1
Function 'compute_fibonacci',1
Function 'compute_fibonacci',1
Function 'compute_fibonacci',1
